Chapter,Character,Dialogue,Character Count
A-1（追加修正）,,「じゃ、約束ね！」,7
A-1（追加修正）,???,「なぁなぁ、もう11時やで？　はよ起きた方がええんやないの？」,28
A-1（追加修正）,???,「いいではありませんか。今雪翔様の学校は夏休み、寝た時間を考えるとむしろ早すぎるぐらいではなくて？」,48
A-1（追加修正）,ロズ,「そうやってラズが甘やかすから、どんどんマスターの生活リズムが崩れていくんやで？」,39
A-1（追加修正）,ラズ,「止めなかったのは貴方も同じでしょうロズ？　それに、雪翔様の眠りを妨げるのはいかがなものかと思いますが」,49
A-1（追加修正）,ロズ,「どうやら、今日こそ決着つけなあかんみたいやな」,22
A-1（追加修正）,ラズ,「勝てるとお思いで？　私、貴方に負けたことないでしょう？」,26
A-1（追加修正）,ロズ,「当たりまえやろ毎回引き分けなんやから！！　とにかく、覚悟──」,29
A-2,???,「───あと、食材はここにあるから、後で‥‥」,21
A-2,黄樹,「まぁ、他は特に変わったものはないし、多分家と同じだと思うよ」,29
A-2,☆???,「なるほど、では昼や夜は私が作るってことでいいんですよね？」,28
A-2,黄樹,「うん、悪いけどお願いできるかな。材料費とかはまた後で払うから、心配しなくていいよ」,40
A-2,美寿花,「雪翔君、だよね？　おはよう」,12
A-2,黄樹,「ん？　どうした？　そんなぼーっと突っ立って」,19
A-2,黄樹,「そうか。そういえばまだ説明してなかったな。彼女は──」,26
A-2,黄樹,「んん？」,3
A-2,黄樹,「ああ、僕の携帯か。すまん。ちょっと出てくるから、二人でゆっくりしていてくれ」,37
A-2,黄樹,「なんだなんだ？　ちゃんとやることは事前に伝えていたはずだが‥‥」,30
A-2,美寿花,「あ～‥‥」,4
A-2,美寿花,「‥‥あ、まず自己紹介から、だよね！」,17
A-2,美寿花,「えーと、名前は常葉美寿花。希み野大学の1年生」,22
A-2,美寿花,「それで、訳あって今日からここで暮らすことになって──」,26
A-3,黄樹,「と、いうわけで‥‥」,9
A-3,黄樹,「今日からしばらく僕たちと暮らすことになった、常葉美寿花ちゃんだ」,31
A-3,美寿花,「もしかして、聞かされてなかったの‥‥？　私てっきり‥‥」,26
A-3,黄樹,「いや‥‥伝えようとは思っていたんだが、僕が家に帰る頃には雪翔は大抵寝てるからね。説明する機会がなかったというか‥‥」,57
A-3,美寿花,「やっぱり大変なんですね、大学の教授って‥‥」,21
A-3,黄樹,「本当はもう少し早く帰れたらいいんだけどね。これがなかなか‥‥」,30
A-3,黄樹,「とはいえ、雪翔に了承を得なかったのは僕の落ち度だ、申し訳ない」,30
A-3,美寿花,「あはは‥‥どうりでなんか反応がおかしいと思った。じゃあ、ちゃんと説明しないとだね」,40
A-3,美寿花,「私がここにお邪魔させてもらった理由なんだけど‥‥」,24
A-3,美寿花,「ちょっと、親と喧嘩しちゃって」,14
A-3,美寿花,「私、カッとなって家から飛び出してきちゃったんだ～！」,25
A-3,黄樹,「美寿花ちゃんの母親は僕の友達でね。さすがに女の子一人だと色々と危険だし、落ち着くまで面倒を見てくれないか頼まれたわけだ」,59
A-3,黄樹,「それに、ちょうどいいと思ったんだ」,16
A-3,黄樹,「お前、生活リズムめちゃくちゃだろう？」,18
A-3,黄樹,「普段料理することもないみたいだし、ちょっと色々と心配でな‥‥」,30
A-3,黄樹,「僕としては、美寿花ちゃんがいてくれる方が安心できる」,25
A-3,黄樹,「まぁ、その分迷惑をかけてしまうことにもなるんだが‥‥」,26
A-3,美寿花,「いえ、迷惑なんてそんな！　家事は得意ですので任せてください！」,29
A-3,黄樹,「というわけだ。しばらくの間、仲良くやってくれ！」,23
A-3,黄樹,「じゃ、私は大学に行ってくる」,13
A-3,美寿花,「あれ？　確か昼からだと聞いていましたけど」,19
A-3,黄樹,「さっきの電話で早めに来てほしい、って言われてね。何をしでかしたんだか‥‥」,36
A-3,黄樹,「早速で悪いんだが今日の夕飯の用意、頼めるかい？」,23
A-3,美寿花,「はい、分かりました！」,10
A-3,黄樹,「おっと、もうこんな時間か！　じゃ、頼んだよ！」,21
A-3,美寿花,「‥‥忙しい人だね」,8
A-4,美寿花,「これ‥‥もしかして、音楽作ってる？」,17
A-4,美寿花,「あ、ごめん！　驚かせちゃった？」,14
A-4,美寿花,「なんか、意外だね。少年君、あんまりこういう創作系のことするタイプに見えなかったから」,41
A-4,美寿花,「ねぇ、もう少し近くで見ていい？」,15
A-4,美寿花,「やった！　じゃあ、ちょっと失礼しまーす」,18
A-4,美寿花,「へぇ、こんな感じで作ってるんだ‥‥」,17
A-4,美寿花,「あれ、もしかしてこれ‥‥歌詞付き？」,17
A-4,美寿花,「これも自分で書いたの？　すごい‥‥！！」,18
A-4,美寿花,「意味ないことなんてないよ。この歌詞が、少年君の『声』なんでしょ？」,32
A-4,美寿花,「やっと聞けたね。君の声」,11
A-4,美寿花,「‥‥ごめんね、雪翔君。私、薄谷教授から聞いてたんだ」,25
A-4,美寿花,「‥‥君が、声を出せないこと」,13
A-4,美寿花,「私はね、相手が何を伝えようとしているか、それが分かるんだ」,28
A-4,美寿花,「そんな大したものじゃないよ。その人が伝えようって意志を持った言葉しか聞こえない」,39
A-4,美寿花,「それに、相手に触れてないと効果はないしね」,20
A-4,美寿花,「だから、大抵の人には使ってもあまり意味はないんだけど‥‥」,28
A-4,美寿花,「私なら、君が自分の声を取り戻すまで『その代わり』ができる」,28
A-4,美寿花,「雪翔君？」,4
A-4,美寿花,「あはは‥‥だよね。私だって突然こんな話されたらびっくりするよ」,30
A-4,美寿花,「‥‥ねえ、少年君はさ、夢とかある？」,17
A-4,美寿花,「そう、夢。声を取り戻したら何したいとか‥‥あ、将来の夢でもいいよ」,32
A-4,美寿花,「いいじゃん！」,6
A-4,美寿花,「あ、その時は私も一緒に歌ってもいい？　さっきの歌詞、すっごい良い感じだったし」,37
A-4,美寿花,「じゃ、少年君の目標も聞けたことだし‥‥」,19
A-4,美寿花,「ん？」,2
A-4,美寿花,「ああ、だって君、どうも同い年って感じがしなくて‥‥」,25
A-4,美寿花,「‥‥じゃあ、これからしばらくの間、君の『声』として‥‥」,27
A-4,美寿花,「よろしく、雪翔君」,8
A-4,ロズ,「なぁ、ラズ」,5
A-4,ラズ,「なんですの、ロズ」,8
A-4,ロズ,「うちら、きょうずっっっっっっとミュート状態やったけど‥‥」,28
A-4,ラズ,「完全に、忘れられてますわね‥‥」,15
B-1,美寿花,「‥‥‥‥」,4
B-1,美寿花,「‥‥‥‥‥‥‥‥」,8
B-1,美寿花,「お。お疲れ様～‥‥っと」,11
B-1,美寿花,「さっきの部分、結構悩んでたね。何回もやり直してたし‥‥どうしたの？」,33
B-1,美寿花,「ん～、暇だから‥‥かな？」,12
B-1,美寿花,「一人でいるの、なんか苦手なんだよね。それに人が何かしてるのって、見てて面白いし」,39
B-1,美寿花,「あれ、どこ行くの？」,9
B-1,美寿花,「‥‥冷蔵庫？　えーっと‥‥お腹すいた？　何か作ろうか？」,25
B-1,美寿花,「そういえばさ、君って学校どうしてるの？」,19
B-1,美寿花,「大学だよ大学。声が出ないんじゃ、色々と大変じゃないかな～って」,30
B-1,美寿花,「‥‥いや、変な意地張らずに素直においでよ。私も相手の声聞けた方が話しやすいし」,38
B-1,美寿花,「‥‥ずっと？」,6
B-1,美寿花,「‥‥」,2
B-1,美寿花,「ニート、ってこと‥‥？」,11
B-1,美寿花,「ああごめんごめん」,8
B-1,美寿花,「‥‥でもそっか。学校行けてないのか‥‥」,19
B-1,美寿花,「じゃあ、一緒に学校行こうよ！」,14
B-1,美寿花,「それはどうかな？　たぶん、雪翔君の目標の一歩にはなると思うよ？」,30
B-1,美寿花,「考えたんだけどさ」,8
B-1,美寿花,「雪翔君が声を出せないのって『喋る必要性がない生活』のせいなんじゃないかな～って」,39
B-1,美寿花,「前までは、人に何か伝えることが大変だったかもしれないけど‥‥今は私っていう『声』もいる」,43
B-1,美寿花,「めんどくさいのは分かるけど‥‥一度だけでも行ってみない？」,28
B-1,美寿花,「まぁ、考えといてよ。といっても、学校明日からだけどね」,26
B-1,美寿花,「‥‥ってもうこんな時間！？　作業ちょっとだけ見たら買い物しようと思ってたのに‥‥」,39
B-1,美寿花,「待ってて！　ちょっと色々買ってくるから！」,19
B-1,ロズ,「随分楽しそうやね。マスター」,13
B-1,ロズ,「む～‥‥」,4
B-1,ロズ,「まぁ、それに関してはもうええんやけどさ‥‥」,21
B-1,ロズ,「はいは～い」,5
B-1,ラズ,「ふむ‥‥ご主人様を大学に？」,13
B-1,ロズ,「せや。まだマスターは決めてないけど‥‥まぁ、たぶん時間の問題やろな」,33
B-1,ラズ,「よろしいのではないですか？　むしろ良い方向に転がっているように見えますが‥‥」,37
B-1,ロズ,「いや、それだけやなくてな‥‥」,14
B-1,ラズ,「何です？」,4
B-1,ロズ,「マスター、デレデレしとった」,13
B-1,ラズ,「‥‥なるほど」,6
B-1,ラズ,「少々、見極める必要がありますわね。常葉、美寿花‥‥」,25
B-2,美寿花,「‥‥本当に大丈夫なの？　何か、今すぐにでも倒れそうだけど‥‥」,29
B-2,美寿花,「‥‥ちょ、一旦休憩。水飲もう水」,15
B-2,美寿花,「肌白いなぁ、外とかあまり出ないんだろうなぁ、とか思ってたけど、想像以上に運動不足だね君」,43
B-2,美寿花,「誘うにしても、もうちょっと段階踏んだ方がよかったね‥‥やっぱり戻る？　まだ時間に余裕あるし‥‥」,46
B-2,？？？,「それはやめた方がいいと思いますわ」,16
B-2,美寿花,「え？」,2
B-2,？？？,「学校までの距離の残り半分を切っておりますので、今帰ってしまうよりかは大学に行ってしまわれた方がよろしいかと」,53
B-2,美寿花,「えっ、何今の声！？」,9
B-2,ラズ,「あなたが美寿花、ですね？」,12
B-2,ラズ,「お初にお目にかかります。私、ラズと申します。雪翔様がお世話になっているようで‥‥」,40
B-2,美寿花,「スマホが、喋ってる‥‥」,11
B-2,美寿花,「あ、え〜と常葉美寿花です。あなたは‥‥」,19
B-2,ラズ,「‥‥ラズ、とさっき申し上げたはずですが‥‥」,21
B-2,ラズ,「ああ、そういうことですか。私は‥‥」,17
B-2,ロズ,「あっずるっ！！　二人で驚かせよういう話やったやん！！　なんで一人で話してんの！？」,38
B-2,美寿花,「えっ、関西弁‥‥」,8
B-2,ラズ,「‥‥人が喋っているときに被せるのはいかがなものでしょう？」,28
B-2,ロズ,「それを言うなら抜け駆けしたんはそっちやん。お互い様やで？」,28
B-2,ラズ,「あら、私はご主人様を助けるために出ていっただけのこと。　そもそも貴方の話に賛同した覚えはありませんし」,49
B-2,ロズ,「はぁ～？」,4
B-2,美寿花,「え、ちょ‥‥」,6
B-2,ロズ＆ラズ,「マスターは黙っとって！！」,12
B-2,ラズ,「あらいやですわ。喧嘩なんてはしたない真似するはずないでしょう？　ねぇ、ロズ」,36
B-2,ロズ,「せやせや。なんてったってウチらAIやで？　ちゃあんと失敗から学んでるんやから」,37
B-2,美寿花,「‥‥‥‥」,4
B-2,美寿花,「‥‥説明、よろしく」,9
B-2,美寿花,「じゃあ、雪翔君にとっては兄妹？　みたいなものなんだ‥‥」,26
B-2,美寿花,「あはは‥‥それはそうかも」,12
B-2,美寿花,「にしても、しゃべるAIかぁ‥‥私初めて見た」,21
B-2,美寿花,「‥‥でも、何で関西弁とお嬢様口調？」,17
B-2,ラズ,「そういえば、ご主人様方は今登校中では？　私たちが出てきてからずいぶん時間が経っていますが‥‥」,45
B-2,美寿花,「え？」,2
B-2,ロズ,「はよいかな遅刻するで？」,11
B-2,美寿花,「ちょっと辛いだろうけど‥‥急げる？」,17
B-3（追加修正）,美寿花,「‥‥‥‥」,4
B-3（追加修正）,美寿花,「気持ちいいお目覚めだね、少年君？」,16
B-3（追加修正）,美寿花,「‥‥確かに退屈だけど、開始10分で寝るのはさすがに関心しないなぁ‥‥」,34
B-3（追加修正）,美寿花,「そりゃ、寝るなとは言わないけどさ‥‥せめてもう少し我慢しよ？　ね？」,32
B-3（追加修正）,美寿花,「結局、最後までぐっすりだったね‥‥」,17
B-3（追加修正）,美寿花,「そっか‥‥雪翔君って、長い間ほぼ一人で生活してきたんだよね？」,30
B-3（追加修正）,美寿花,「そのせいで、ずーっと人の話を聞いてると眠くなっちゃうんじゃないかな？　多分だけど」,39
B-3（追加修正）,美寿花,「あーいや、大丈夫大丈夫！　あくまで今はだよ？　慣れれば話せるようになるって！！」,37
B-3（追加修正）,美寿花,「って、もう次の講義始まっちゃう！　早く行くよ雪翔君！」,25
B-4（追加）,美寿花,「久しぶりの学校、大変だったね」,14
B-4（追加）,美寿花,「でも、ちょっと意外だったな～。少年君、絶対途中で諦めて帰っちゃうと思ってたし」,38
B-4（追加）,美寿花,「‥‥やっぱり、ちょっと無理してる？」,17
B-4（追加）,美寿花,「雪翔君」,3
B-4（追加）,美寿花,「今日は本当に‥‥お疲れ様」,12
B-4（追加）,美寿花,「‥‥私ね？　今まで行けなかった所に行くのって、結構勇気がないとできない行動だと思うんだ」,42
B-4（追加）,美寿花,「でも、今日の雪翔君はそれができた」,16
B-4（追加）,美寿花,「一歩前進、だね？」,8
B-4（追加）,美寿花,「さ、夕飯買いに行かなきゃ。今日は頑張るぞ〜！　あ、雪翔君も荷物持つの手伝ってね！」,39
B-4（追加）,美寿花,「？　どうしたの？　雪翔君」,10
B-4（追加）,美寿花,「そういえばさ‥‥」,8
B-4（追加）,美寿花,「‥‥あ、ごめん‥‥話しかけてよかった？」,19
B-4（追加）,美寿花,「いや、大した話じゃないんだけど‥‥これ、すっごい地道だよね」,29
B-4（追加）,美寿花,「そりゃ、そうかもしれないけど‥‥というか、曲を作るのっていつからやり始めたの？」,39
B-4（追加）,美寿花,「‥‥うん。大まかに、だけど。‥‥その、ごめんね？　別に無理に話さなくても‥‥」,37
B-4（追加）,美寿花,「曲を作るのは‥‥お母さんのため？」,16
B-4（追加）,美寿花,「雪翔君は‥‥すごいね」,10
B-4（追加）,美寿花,「そろそろ寝る？」,7
B-4（追加）,美寿花,「結構集中してたね。今日」,11
B-4（追加）,美寿花,「あれ、違った？　昨日は所々詰まったりとかして、今日みたいに長くは続いてなかったと思うけど‥‥」,45
B-4（追加）,美寿花,「そうなんだ‥‥あ、もしかして今日はきちんと早起きしたから、とか？」,32
B-4（追加）,美寿花,「それは分からないけど‥‥夜更かしして、起きたらお昼だった、とかはしたことないし」,39
B-4（追加）,美寿花,「ところで‥‥雪翔君」,9
B-4（追加）,美寿花,「明日ってどうするの？　学校」,12
B-4（追加）,美寿花,「うわすっごい嫌そう」,9
B-4（追加）,美寿花,「あ〜えーと‥‥あ、ほら！　明日はお昼休みあるし、お弁当作るからさ！」,32
B-4（追加）,美寿花,「あとは‥‥終わった後、一緒にどこか行こうよ！　ね！」,24
B-4（追加）,美寿花,「やった！」,4
B-4（追加）,美寿花,「サクシ？」,4
B-4（追加）,美寿花,「じゃあ私はもう寝るけど、雪翔君も早めに寝なよ？　夜更かししちゃ駄目だからね？」,37
C-1（追加修正）,美寿花,「さてさて、準備もできたことだし‥‥あ、手洗ったよね？」,26
C-1（追加修正）,美寿花,「それじゃ、雪翔君！」,9
C-1（追加修正）,美寿花,「いや、きょとんじゃなくて、あるでしょ？　食べる前にする挨拶」,28
C-1（追加修正）,美寿花,「どうぞどうぞ！」,7
C-1（追加修正）,美寿花,「雪翔君？　食べないの？」,10
C-1（追加修正）,美寿花,「どうかな。味見したから大丈夫なはずだけど‥‥」,22
C-1（追加修正）,美寿花,「めっちゃ頷くじゃん‥‥よかったぁ。あ、私も食べるね！」,26
C-1（追加修正）,美寿花,「さて、雪翔君。終わった後のことなんだけど‥‥」,22
C-1（追加修正）,美寿花,「ほら、昨日話したじゃん。講義が終わったら一緒にどこか出かけようって」,33
C-1（追加修正）,美寿花,「でね、その事なんだけど‥‥」,13
C-1（追加修正）,美寿花,「雪翔君の行きたいとこに行ってみたいなぁーって‥‥」,24
C-1（追加修正）,美寿花,「考えてみたんだけど、雪翔君が学校に行き始めたのって、私が言い出したからだよね」,38
C-1（追加修正）,美寿花,「なら、今度は私の番かなーって」,14
C-1（追加修正）,美寿花,「だから、今度は雪翔君が行きたい所に私を連れてって欲しいなーって」,31
C-1（追加修正）,美寿花,「遠慮しなくていいから！」,11
C-1（追加修正）,美寿花,「ほら、なんていうか‥‥雪翔君の場合、声のこともあるし一人で行けない場所とか多いと思うんだよ」,45
C-1（追加修正）,美寿花,「でも今は私もいるし、これまで行くの諦めてた場所があるなら一緒に行きたいなと思って」,40
C-1（追加修正）,美寿花,「私？　私は──」,6
C-1（追加修正）,美寿花,「‥‥‥‥確かに、言われてみるとすぐ思いつかないねこれ」,26
C-1（追加修正）,美寿花,「強いて言うなら、近くにある水族館かな？　一人じゃ結構ハードル高いし」,32
C-1（追加修正）,美寿花,「そうだねぇ‥‥って、今は雪翔君だよ。まぁ、何もないなら無理に言わなくてもいいけど‥‥」,42
C-1（追加修正）,美寿花,「カラオケ？」,5
C-1（追加修正）,美寿花,「歌、かぁ‥‥うん」,8
C-1（追加修正）,美寿花,「じゃあそうしよう！　ちょうどいいし！」,17
C-1（追加修正）,美寿花,「気にしない気にしない。あ、でもさすがに私一人で歌うのもあれだし‥‥そうだ！」,37
C-1（追加修正）,美寿花,「さて、返事するかな‥‥？」,12
C-2（追加修正）,美寿花,「なんだかんだで私も初めてなんだよねぇ～カラオケ！」,24
C-2（追加修正）,美寿花,「二人とも、なんでそこでボーっとしてるの？」,20
C-2（追加修正）,文永,「はぁ。そりゃボーっともするよ」,14
C-2（追加修正）,文永,「家出したはずの姉に突然来いって言われて、何かと思えばカラオケに連れていかれたらさ」,40
C-2（追加修正）,美寿花,「ごめんごめん。文永もそういえば歌うの好きだったなーって思い出して‥‥」,34
C-2（追加修正）,文永,「つまり数合わせで呼んだ、と‥‥」,15
C-2（追加修正）,美寿花,「そう言われると確かにそうだけど‥‥」,17
C-2（追加修正）,美寿花,「こ、この子の事、まだ紹介してなかったよね！」,21
C-2（追加修正）,文永,「逃げた‥‥まぁいいけどさ」,12
C-2（追加修正）,美寿花,「常葉文永、私の妹だよ」,10
C-2（追加修正）,文永,「初めまして、雪翔さん。いつも姉がお世話になっています」,26
C-2（追加修正）,文永,「あ、すいません。いきなり名前で呼んでしまって‥‥姉がよく名前を口にしていたのでつい‥‥」,43
C-2（追加修正）,美寿花,「まぁまぁ、まず二人とも座ろうよ。時間なくなっちゃうよ？」,27
C-2（追加修正）,文永,「って、普通に流しちゃったけど私も歌うの？」,20
C-2（追加修正）,美寿花,「そうだよ？　というか、そのために呼んだんだから」,22
C-2（追加修正）,文永,「いや、初対面の人と歌うのはさすがに抵抗あるんだけど‥‥？」,28
C-2（追加修正）,美寿花,「まぁ、たまにでいいよ。私も歌うし」,16
C-2（追加修正）,美寿花,「さて少年君、何から歌う？」,12
C-2（追加修正）,美寿花,「練習だよ、君の‥‥『自分の声で歌いたい』って目標のための」,28
C-2（追加修正）,美寿花,「って言っても、今の雪翔君が一人で歌うのは難しそうだから‥‥」,29
C-2（追加修正）,美寿花,「『一緒に』歌お？　それなら、私に届くから」,19
C-2（追加修正）,文永,「‥‥お姉ちゃんが男とイチャイチャしてる」,19
C-2（追加修正）,美寿花,「してないよ！？　どこをどう見たらそうなるのさ！？」,23
C-2（追加修正）,文永,「やっぱり私、来なかった方がよかったんじゃ‥‥」,22
C-2（追加修正）,美寿花,「待って帰ろうとしないで！　文永とも一緒に歌うから～！！」,26
C-3（追加）,文永,「ふぅー‥‥」,5
C-3（追加）,美寿花,「おお～」,3
C-3（追加）,文永,「次、雪翔さんですけど‥‥あれ、始まりませんね」,22
C-3（追加）,美寿花,「もしかして雪翔君、何歌うか迷ってる？」,18
C-3（追加）,ラズ,「分かってませんわね‥‥ご主人様にはこの『World of Twilight』（エンディング）の方がピッタリです！」,54
C-3（追加）,ロズ,「だーかーらー、なんでカラオケに来てまでそんな暗い曲歌わなあかんねん！　絶対『CreydoZ』（オープニング）の方がええって！！」,62
C-3（追加）,ラズ,「暗いとは何です暗いとは！！　切なく、美しい‥‥素晴らしい曲じゃないですの！」,36
C-3（追加）,ロズ,「ハッ、ランキングよぅ見てみぃ！！　オープニングの方が圧倒的に多く歌われとるで！？」,39
C-3（追加）,ラズ,「雪翔様はカラオケに日常的に来るような陽の者ではないのです。したがってそんなランキング、当てにはなりませんわよ」,54
C-3（追加）,文永,「えっ！？　だ、誰！？」,9
C-3（追加）,文永,「えっ今のってお姉ちゃん‥‥じゃ、ないよね？」,21
C-3（追加）,美寿花,「うーん、私も昨日知ったんだけどね。この子たちは‥‥」,25
C-3（追加）,文永,「ああ、なるほど‥‥」,9
C-3（追加）,美寿花,「ほら二人とも。そんなので喧嘩しないの」,18
C-3（追加）,ラズ,「常葉美寿花‥‥あなたに言われる筋合いはありません！」,25
C-3（追加）,ロズ,「せやせや！　新入りは黙って‥‥」,14
C-3（追加）,美寿花,「どっちを歌うのかで揉めてるのなら、どっちも歌えばいいじゃん。時間はあるわけだし」,39
C-3（追加）,ロズ,「‥‥‥‥」,4
C-3（追加）,ラズ,「‥‥‥‥」,4
C-3（追加）,ロズ＆ラズ,「「なるほど？」,6
C-3（追加）,ラズ,「確かに‥‥ナイスアイディアですわね」,17
C-3（追加）,ロズ,「その発想はなかったわ‥‥！！」,14
C-3（追加）,文永,「この子たち、いつもこうなんですか？」,17
C-3（追加）,美寿花,「う～ん、私が初めて会った時も喧嘩はしてたけど‥‥どうなの？」,29
C-3（追加）,美寿花,「だってさ」,4
C-3（追加）,文永,「何というか‥‥賑やかそうですね。雪翔さんの家って」,24
C-3（追加）,美寿花,「そうかな？　この子たちもそんなしょっちゅう顔を出すわけじゃないから‥‥」,34
C-3（追加）,ロズ,「じゃ、順番で言うとまずはオープニングからやな」,22
C-3（追加）,ラズ,「あら、誰がそんなこと言いましたの？　私のが先ですわ」,24
C-3（追加）,ロズ,「エンディング先に歌う奴がどこにおるん？　アニメやって最初流れるんはオープニングやろ」,40
C-3（追加）,ラズ,「いいですね。そうしましょう‥‥では、行きますわよ？　ロズ」,27
C-3（追加）,ロズ,「宣言しとくけど、うちはパーを出すから‥‥」,20
C-3（追加）,ロズ＆ラズ,「「じゃーんけーん！！」,10
C-4（追加）,美寿花,「お、おっきいため息だね‥‥」,13
C-4（追加）,美寿花,「そんなに嫌なんだ。薄谷教授が来るの」,17
C-4（追加）,美寿花,「まぁ、気持ちは分からなくもないけどね。授業参観とかと似たような感覚なのかな？」,38
C-4（追加）,美寿花,「じゃあ、頑張って大学生活ちゃんと出来てるってところ、見せないとね！」,33
C-4（追加）,黄樹,「はーい、じゃあレジュメ回してくださいー」,19
C-4（追加）,黄樹,「夏休み明け１発目ということで、例年は休む人もちらほらいましたが‥‥」,33
C-4（追加）,黄樹,「今年は‥‥全員来てるようですね、嬉しい限りです」,23
C-4（追加）,黄樹,「秋休みまであと残すところ３回なのでね、気を抜かずに‥‥」,27
C-4（追加）,黄樹,「じゃあ今日は趣向を変えてちょっと誰かに聞いてみようか、３列目右端の君」,34
C-4（追加）,美寿花,「あれま」,3
C-4（追加）,美寿花,「ねぇ、雪翔君」,6
C-4（追加）,美寿花,「とりあえず私が答えるから、雪翔君が考えた答えを教えて」,26
C-4（追加）,美寿花,「あ～、分かんないそうです！」,13
C-4（追加）,黄樹,「オッケーオッケー、じゃあこれ分かる人は‥‥」,21
C-4（追加）,美寿花,「さっきはびっくりしたね‥‥まさか当てられるとは‥‥」,25
C-4（追加）,美寿花,「雪翔君、今日はこれでおしまい？」,15
C-4（追加）,美寿花,「そうなんだよねぇ‥‥、私は5限もあるし帰りにスーパーにも寄りたいからちょっと遅くなるね」,43
C-5（追加）,文永,「あっ」,2
C-5（追加）,？？？,「文永の知り合い？」,8
C-5（追加）,文永,「‥‥えーと‥‥まぁ、うん。そうなるのかな？」,21
C-5（追加）,？？？,「えーなにそれ！　気になるじゃん〜」,15
C-5（追加）,桃百,「あたし、文永の友達の合楽桃百って言いま〜す！　よろしくお願いしますね～！」,35
C-5（追加）,桃百,「お名前聞いてもいいですか〜？　ていうか、文永とどんな関係なんですか〜？」,34
C-5（追加）,桃百,「あれ？　どうしました～？」,11
C-5（追加）,文永,「はぁ～‥‥」,5
C-5（追加）,文永,「薄谷雪翔さん、お姉ちゃんの友達」,15
C-5（追加）,桃百,「へーそうなんだ。てか文永、お姉さんなんていたんだね〜」,26
C-5（追加）,文永,「それに、今喉を痛めて喋れないから、あんまり困らせないで」,27
C-5（追加）,桃百,「えっ、そうなんですか？　ごめんなさい私分かんなくて‥‥」,26
C-5（追加）,文永,「ていうか桃百、そういうのやめてってこの前言ったじゃん。忘れたの？」,32
C-5（追加）,桃百,「え～、別にいいじゃん〜。生徒会の書記さんはお堅いなぁ～‥‥」,29
C-5（追加）,文永,「そういうの関係なく、心配だから言ってるんでしょ！」,24
C-5（追加）,桃百,「おお〜‥‥すご～い！　なんか、かわいいですね！」,22
C-5（追加）,文永,「あ、はい。ここら辺、私たちの高校の通学路なんですよ」,25
C-5（追加）,桃百,「あの～モモちょっと気になったんですけど、雪翔さんと文永のお姉さんの関係って‥‥」,39
C-5（追加）,文永,「はいはい変な探り入れない。喫茶店行くんじゃなかったの？」,27
C-5（追加）,桃百,「はっ！　そうだった！　早く行かないと限定パンケーキ売り切れちゃう！！」,32
C-5（追加）,文永,「すいません、こんな所で呼び止めてしまって。あと、その‥‥」,28
C-5（追加）,文永,「お姉ちゃんのこと、引き続きよろしくお願いします」,23
C-5（追加）,ロズ,「マスター、えらいデレデレしとったな～」,18
C-5（追加）,ラズ,「ご主人様はああいう子が好みなんですの？」,19
C-5（追加）,ロズ,「ほんまかなぁ‥‥その割には嫌がってなさそうやったけど」,26
C-5（追加）,ラズ,「まぁ、そういう事にしておきましょうか」,18
C-6（追加）,ラズ,「その前に、一旦休まれてはいかがです？」,18
C-6（追加）,ラズ,「ですが、その様子では恐らくまともに作業できずに、結局うたた寝してしまう可能性が高いかと」,43
C-6（追加）,ラズ,「目覚ましかけておきましょうか？」,15
C-6（追加）,美寿花,「雪翔くーん、夕飯できたけど‥‥」,15
C-6（追加）,美寿花,「雪翔くーん？」,6
C-6（追加）,美寿花,「入るよ～？」,5
C-6（追加）,美寿花,「って、寝てる？　というか‥‥」,13
C-6（追加）,美寿花,「あ、ごめん。起こしちゃったね‥‥ただいま」,20
C-6（追加）,美寿花,「最近、頑張ってたもんね〜。よしよし」,17
C-6（追加）,美寿花,「で、ちょっと気になってたんだけど‥‥」,18
C-6（追加）,美寿花,「雪翔君、いつもぬいぐるみ抱いて寝てるの？」,20
C-6（追加）,美寿花,「うわっ！！　びっくりした‥‥」,13
C-6（追加）,美寿花,「だってこうしないと雪翔君の声聞こえないし」,20
C-6（追加）,美寿花,「そういえば、いつも置いてあったよね。イルカのぬいぐるみ」,27
C-6（追加）,美寿花,「‥‥そうなの？」,7
C-6（追加）,ロズ,「いやマスター、ほぼ毎日抱いて寝てるで？」,19
C-6（追加）,美寿花,「ん？　え？」,4
C-6（追加）,美寿花,「ま、まぁまぁ‥‥でも、別にいいんじゃない？」,21
C-6（追加）,美寿花,「変ではないと思うよ？　私だって最近までぬいぐるみと寝てたし。あ、もしかして男の子なのに～とか考えてる？　それは関係ないと思うけどな～」,64
C-6（追加）,美寿花,「何より、可愛いしね～この子」,13
C-6（追加）,美寿花,「あ、そうだ。夕飯なんだけど‥‥ちょっと手伝ってくれない？　今日作るの、一人でやると大変で‥‥」,45
D-1（追加修正）,美寿花,「どうぞどうぞ～」,7
D-1（追加修正）,ラズ,「お食事中、申し訳ないのですが‥‥」,16
D-1（追加修正）,ラズ,「その、雨が降り出しまして‥‥」,14
D-1（追加修正）,ロズ,「天気予報では今日は晴れやって言うとったんやけどな～」,25
D-1（追加修正）,ロズ,「ちなみにマスター、傘とか持ってきたりは‥‥」,21
D-1（追加修正）,ラズ,「いかがなさいますか？　黄樹様に連絡いたしましょうか？」,25
D-1（追加修正）,美寿花,「‥‥‥‥」,4
D-1（追加修正）,美寿花,「‥‥ん？　あ、傘の話‥‥だよね？」,15
D-1（追加修正）,美寿花,「いつも折り畳みの傘を持ち歩いてるから‥‥二人ぐらいなら、入ると思う」,33
D-1（追加修正）,美寿花,「ごめん‥‥しばらく、こうさせて‥‥ちょっと体がだるくて‥‥」,29
D-1（追加修正）,美寿花,「‥‥うん。雨が‥‥というか、曇りの時も、だね。小さい頃からすぐこうなっちゃうんだ‥‥」,42
D-1（追加修正）,美寿花,「‥‥‥‥‥‥すぅ‥‥」,10
D-1（追加修正）,美寿花,「‥‥すぅ‥‥すぅ‥‥」,10
D-1（追加修正）,美寿花,「‥‥ん」,3
D-1（追加修正）,美寿花,「‥‥すぅ‥‥すぅ‥‥」,10
D-2（追加）,ロズ,「マスター、ちょい待った」,11
D-2（追加）,ロズ,「いや、全然気づいてへんみたいやから‥‥」,19
D-2（追加）,ロズ,「美寿花からメッセージが来とるで。講義終わったら大学前集合って」,30
D-2（追加）,ロズ,「マスター、言われんかったらそのまま帰るつもりやったやろ？」,28
D-2（追加）,ロズ,「どういたしまして。はよ行かなどやされるで？」,21
D-2（追加）,文永,「あ‥‥こんにちは」,8
D-2（追加）,文永,「‥‥‥‥えーっと‥‥」,10
D-2（追加）,文永,「あの‥‥お姉ちゃん、いないんですか？　てっきり一緒だと思ってたんですけど‥‥」,37
D-2（追加）,文永,「本当、すいません‥‥うちの姉がいい加減で‥‥」,22
D-2（追加）,文永,「多分、またカラオケに行くつもりで呼んだんだと思うんですが‥‥何も聞いてないですか？」,41
D-2（追加）,文永,「です、よね‥‥」,7
D-2（追加）,文永,「その、えっと‥‥Twine、交換しませんか！？」,23
D-2（追加）,文永,「今はその、お姉ちゃんもいないので会話も難しいし‥‥！」,26
D-2（追加）,文永,「な、何で笑うんですか‥‥？」,13
D-2（追加）,文永,「えっ、と‥‥」,6
D-2a（追加）,文永,「‥‥お姉ちゃんに？」,9
D-2a（追加）,文永,「‥‥ああ。そう‥‥なんですね」,14
D-2a（追加）,文永,「うぐっ。それは、自分でも心当たりが‥‥」,19
D-2a（追加）,文永,「‥‥でも、そっか。私、似てるんだ‥‥あの人と‥‥」,24
D-2a（追加）,文永,「あ、その‥‥そう！」,9
D-2a（追加）,文永,「来週の木曜日ってどうするんですか？」,17
D-2a（追加）,文永,「いや、えーと‥‥」,8
D-2a（追加）,文永,「実は、来週の木曜日、お姉ちゃんの誕生日で‥‥」,22
D-2a（追加）,文永,「い、いえ！　そうですよね！　普通は知りませんよね！　こっちこそすいません！」,34
D-2a（追加）,？？？,「ごめ〜ん！！　遅れたぁぁ！！」,13
D-2a（追加）,雪翔＆文永雪翔≪,「っ！？」,3
D-2a（追加）,美寿花,「はぁ、はぁ‥‥ごめん。お待たせ‥‥先生に捕まっちゃって‥‥」,29
D-2a（追加）,文永,「ま、まぁそんな待ってないけど‥‥またカラオケ？」,23
D-2a（追加）,美寿花,「そうだね。もう一回歌いたいなぁ～って思って‥‥」,23
D-2a（追加）,美寿花,「相変わらず厳しいね‥‥」,11
D-2a（追加）,文永,「本当はお姉ちゃんも門限あるんだけど‥‥？」,20
D-2a（追加）,美寿花,「私はいいの。家出中だもん」,12
D-2a（追加）,美寿花,「最近、結構暗くなるの早くなってきたから気を付けてよ？」,26
D-2a（追加）,文永,「はいはい、大丈夫だから」,11
D-2a（追加）,美寿花,「さて、今日のご飯は～‥‥あれ、家に何残ってたっけ‥‥」,26
D-2b（追加）,文永,「あ、その‥‥そう！」,9
D-2b（追加）,文永,「来週の木曜日ってどうするんですか？」,17
D-2b（追加）,文永,「いや、えーと‥‥」,8
D-2b（追加）,文永,「実は、来週の木曜日、お姉ちゃんの誕生日で‥‥」,22
D-2b（追加）,文永,「い、いえ！　そうですよね！　普通は知りませんよね！　こっちこそすいません！」,34
D-2b（追加）,文永,「あ‥‥」,3
D-2b（追加）,文永,「何でここに‥‥」,7
D-2b（追加）,文永,「多分、私の父です‥‥ちょ、ちょっと待っててくださいね」,26
D-2b（追加）,文永,「すいません。お姉ちゃんに行けなくなったって言っておいてくれませんか？」,34
D-2b（追加）,文永,「はい‥‥ちょっと用事ができたので」,16
D-2b（追加）,？？？,「ごめ〜ん！！　遅れたぁぁ！！」,13
D-2b（追加）,美寿花,「はぁ‥‥はぁ‥‥お待たせ、先生に捕まってて‥‥ってあれ？　文永は？」,32
D-2b（追加）,美寿花,「あ、そっか‥‥」,7
D-2b（追加）,美寿花,「え、来たの？　ここまで？」,11
D-2b（追加）,美寿花,「あはは‥‥そっか。また歌いたいなぁ～って思ってたんだけど‥‥」,30
D-2b（追加）,美寿花,「うん。でも、文永がいないとさすがにきつそうだし‥‥今日は素直に帰ろっか」,35
D-2b（追加）,美寿花,「ほんとうにごめん‥‥」,10
D-2b（追加）,美寿花,「確かにあの時はめちゃくちゃ眠かったのは事実だけど、まさか本当に寝ちゃうとは自分でも思わなかったというか‥‥」,53
D-2b（追加）,美寿花,「それに‥‥」,5
D-2b（追加）,美寿花,「その、実は途中からちょっと起きてたり‥‥」,20
D-2b（追加）,美寿花,「ていうか‥‥聞いちゃいけないことがもしかしたら聞こえちゃったりとかも‥‥」,36
D-2b（追加）,美寿花,「い、いや。何でもないです‥‥」,14
D-3（修正）,ロズ,「なるほどなぁ〜。美寿花の誕生日‥‥」,17
D-3（修正）,ラズ,「贈り物、ですか‥‥ご主人様の口からそんな悩みを聞く日が来るとは‥‥」,33
D-3（修正）,ロズ,「やっぱ美寿花の好きなものとかがええんやないの？　何かないん？」,29
D-3（修正）,ラズ,「それなら、こう‥‥女性にあげて喜びそうなものとか‥‥」,26
D-3（修正）,ロズ,「ダメやこのマスター、検索しだした‥‥」,18
D-3（修正）,ラズ,「まぁ、それは分かりますけども‥‥」,16
D-3（修正）,ラズ,「‥‥と、言われましても‥‥」,13
D-3（修正）,ロズ,「まずうちら、プレゼントもらっても受け取れへんからな‥‥物理的に‥‥」,33
D-3（修正）,ラズ,「‥‥‥‥」,4
D-3（修正）,ロズ,「‥‥‥‥」,4
D-3（修正）,ラズ,「‥‥あら？」,5
D-3（修正）,ロズ,「毎回急に来るんよなぁこれ‥‥」,14
D-3（修正）,ラズ,「どういたします？　就寝中に行うよう設定しておきましょうか？」,28
D-3（修正）,ラズ,「かしこまりました」,8
D-3（修正）,ロズ,「了解～」,3
D-3（修正）,ラズ,「いつでもよろしいですわ」,11
D-4,美寿花,「雪翔君ってば！！」,8
D-4,美寿花,「いやだって、何回声かけても全然反応ないし」,20
D-4,美寿花,「もう講義終わっちゃったよ？」,13
D-4,美寿花,「最近、家でも上の空だったりするしさ‥‥どうしたの？　なんか悩み事？」,32
D-4,美寿花,「ないんだけど‥‥何？」,10
D-4,美寿花,「本当に？　それと何で敬語‥‥？」,14
D-4,ロズ,「いや、全然『大丈夫』やないやろマスター‥‥」,21
D-4,ラズ,「むしろどちらかというと『大ピンチ』のようですが‥‥」,25
D-4,ラズ,「まぁ確かに、このままだと誘うのは困難ですわね‥‥」,24
D-4,ロズ,「もういっそのこと、当日に目隠ししてそのまま連れて行ったらいいんちゃう？」,35
D-4,ロズ,「せやなぁ。というか、例のチケットは結局どうなったん？」,26
D-4,ラズ,「あら、学校まで持ってきてましたの？」,17
D-4,ロズ,「乙女やなマスター‥‥」,10
D-4,ラズ,「どういたしましょうか？　私たちがさりげなく話を振る‥‥は無理でしょうし‥‥」,36
D-4,ロズ,「ん？　何で今ウチを見て断念してん？」,16
D-4,ラズ,「私はとにかく、あなたにそんな話術ないでしょう？」,23
D-4,ロズ,「はぁ〜？　ラズやってウチと変わらんやろ別に！」,21
D-4,ロズ,「あ、ほな文永は？　あの子なら自然に話に出せるんちゃう？」,26
D-4,ロズ,「‥‥それを考えだしたら終わりやない？」,18
D-4,ラズ,「結論を言ってしまうと、結局はご主人様次第。ということになってしまいますね」,36
D-4,美寿花,「何が少年君次第なの？」,10
D-4,ラズ,「あ」,1
D-4,ロズ,「げ」,1
D-4,美寿花,「あれ？　もしかしてそれ‥‥水族館のチケット！？」,22
D-4,美寿花,「ええ！？　なんで隠すの！？　というか、何で雪翔君がそれ持ってるの！？」,32
D-4,ロズ＆ラズ,「‥‥‥‥」,4
D-4,美寿花,「‥‥雪翔君？」,6
D-4,美寿花,「うわっ。え‥‥ど、どうしたの‥‥？」,17
D-4,美寿花,「‥‥え‥‥？　木曜って‥‥私の誕生日‥‥？」,20
D-4,美寿花,「いや絶対そうじゃん。間が全て語ってるじゃん」,21
D-4,美寿花,「あ、もしかして最近ずっと悩んでたのって‥‥」,21
D-4,美寿花,「別に、そんな悩まなくても全然いいのに‥‥」,20
D-4,美寿花,「いいに決まってるよ！　ずっと行ってみたかったんだよね～」,26
D-5（追加）,黄樹,「うおびっくりした！？」,10
D-5（追加）,黄樹,「ああ、なんだお前か‥‥こんな夜中にやめてくれ。心臓飛び出るかと思ったぞ」,35
D-5（追加）,黄樹,「まぁ、そんなところだな。日をまたぐ前に帰れるのは久しぶりだから、どうも落ち着かなくて‥‥こうやって、時間を潰していた」,58
D-5（追加）,黄樹,「ははっ、一度染みついた生活リズムに抗うってのはそうそうできないもんさ‥‥」,36
D-5（追加）,黄樹,「そういえば、お前こそどうしたんだ？　もう今日は下りてこないと思っていたが」,35
D-5（追加）,黄樹,「なんだ、もう寝ようとしてたのか。随分早いな」,21
D-5（追加）,黄樹,「出かける‥‥それは美寿花ちゃんと‥‥か？」,20
D-5（追加）,黄樹,「‥‥水族館‥‥それは、お前が発案したのか？」,21
D-5（追加）,黄樹,「‥‥いや、お前にしてはいいチョイスだなーと思ってな」,25
D-5（追加）,黄樹,「にしても、ついにあの雪翔が女の子と二人きりで出かけるようになったか‥‥」,35
D-5（追加）,黄樹,「またまた〜。隅に置けんなぁ、お前も」,17
D-5（追加）,黄樹,「ああ。おやすみ‥‥あとそうだ、雪翔」,17
D-5（追加）,黄樹,「あー‥‥楽しんでもらえるといいな」,16
D-6,美寿花,「ほら見て！　雪翔君！　ペンギン！　ペンギンが泳いでる！！」,25
D-6,美寿花,「あっ！　食べた、今餌食べた！」,13
D-6,美寿花,「ん？　どうしたの？」,8
D-6,美寿花,「うん？　ああ、もちろん必要だよ」,14
D-6,美寿花,「これから色んなところ回るんだから。もしはぐれちゃったら大変でしょ？」,33
D-6,美寿花,「あ、何？　もしかして‥‥恥ずかしいの？　少年君～」,22
D-6,美寿花,「ごめんごめん。あ、そろそろ次の場所行こっか」,21
D-6,美寿花,「そりゃ勿論。あんな可愛い子、嫌いな人いないよ！」,23
D-6,美寿花,「水族館って暗いイメージあるよねぇ‥‥なんでだろ？　海も同じくらいの暗さだからかな？」,40
D-6,美寿花,「雪翔君は海とか行ったことある？」,15
D-6,美寿花,「お母さんと‥‥」,7
D-6,美寿花,「え、ここにも来たことあるの！？」,15
D-6,美寿花,「あ‥‥ごめん、辛いこと聞いちゃって‥‥」,19
D-6,美寿花,「そ、そっか‥‥」,7
D-6,美寿花,「‥‥行こっ！　そんな暗い顔してちゃ、楽しめるものも楽しめないよ！」,31
D-6,美寿花,「って、聞いた私が言うのもおかしいけど」,18
D-6,美寿花,「へ？　何？」,4
D-6,美寿花,「んん〜？　なんで今私を──って、お？」,17
D-6,美寿花,「イルカのショー‥‥」,9
D-6,美寿花,「うん！　行きたい！　‥‥って、さっきから私の要望ばっかりじゃん。いいの？」,34
D-6,美寿花,「あ、そうだっけ‥‥でも、雪翔君も見てみたいのがあったら言ってくれていいからね？」,39
D-6,飼育員,「皆様、大変長らくお待たせいたしました！　この水族館名物のイルカショー、まずはイルカ達の紹介をさせていただきます！」,55
D-6,美寿花,「うわぁ、いっぱいいる‥‥！　4‥‥5匹？　あ、違う。6匹かな‥‥？」,31
D-6,美寿花,「かわいいね～‥‥あ！」,10
D-6,美寿花,「おお〜！！　テレビで見たのも凄かったけど、やっぱり生で見ると迫力があるね！」,36
D-6,飼育員,「では、紹介も終わったところで、今度は少し難しい技にもチャレンジしてみましょう！」,39
D-6,美寿花,「イルカの上に乗ってる‥‥！　落ちたりしないのかな！？」,25
D-6,美寿花,「‥‥すっごい‥‥」,8
D-6,飼育員,「さぁ、最後はあの上空にあるボールに皆がジャンプします！　届いたら盛大な拍手を！」,38
D-6,美寿花,「‥‥‥‥」,4
D-6,美寿花,「届いた！！」,5
D-6,美寿花,「うわっぷ！！」,6
D-6,美寿花,「う、うん‥‥あはは、びっくりした‥‥」,18
D-6,美寿花,「ねぇねぇ！　見た！？　ちゃんと全員届いてたよね！！」,23
D-6,美寿花,「‥‥ん？　どうしたの？　なんか顔赤いけど‥‥」,20
D-6,美寿花,「いやその反応は無理があるでしょ‥‥あ、もしかして楽しくなかった‥‥？」,34
D-6,美寿花,「そう？　それならいいんだけどというか、さっきからどこ見て‥‥」,29
D-6,美寿花,「‥‥‥‥」,4
D-6,美寿花,「も、もしかして‥‥さっきから、見えてた？」,20
D-6,美寿花,「あ‥‥マジ、ですか‥‥」,11
D-7,美寿花,「う～ん‥‥これとか、どう！？」,14
D-7,美寿花,「あ〜確かに。想像できないかも」,14
D-7,美寿花,「あの子はあの子であんまりキーホルダーとか付ける柄じゃない気がするけど‥‥」,36
D-7,美寿花,「まいっか。買っちゃおう！」,12
D-7,美寿花,「後は‥‥あ、雪翔君は他に何かお土産買う？」,20
D-7,美寿花,「君、大学でも私以外話す人いないしねぇ‥‥」,20
D-7,美寿花,「‥‥まぁね～‥‥お土産あげる相手ってなるとちょっと難しいかも‥‥？　私も雪翔くんのこと言えないね」,47
D-7,美寿花,「あ、そうだね。じゃあ‥‥クッキー？」,17
D-7,美寿花,「私たちも食べるからいいの。じゃ決まりね！」,20
D-7,美寿花,「よし、お土産も買ったし‥‥どうする？」,18
D-7,美寿花,「だよ、ね‥‥」,6
D-7,美寿花,「‥‥‥‥」,4
D-7,美寿花,「え？　あ～、大した事じゃないんだけど‥‥もうちょっとペンギン、見たかったなー‥‥な～んて」,43
D-7,美寿花,「いや、いいよ。ここ結構近いし‥‥また連れてってくれるんだもんね？　少年君？」,36
D-7,美寿花,「じゃあ、約束ね！」,8
D-7,美寿花,「‥‥？　どうしたの？　買い忘れ？」,14
D-7,美寿花,「‥‥‥‥」,4
D-7,美寿花,「あ、今日のご飯どうしようかな‥‥」,16
D-7,美寿花,「ん～‥‥うん、そうだね。そうしよう」,17
D-7,美寿花,「♪～」,2
D-7,美寿花,「うん？」,3
D-7,美寿花,「水族館？　え～‥‥どうだろう。行ったことはない、かなぁ‥‥」,28
D-7,美寿花,「‥‥雪翔君、大丈夫？」,10
D-7,美寿花,「さっきから妙に落ち込んでるなーって」,17
D-7,？？？,「今日は随分と落ち込んでるね」,13
D-7,美寿花,「え、ね、ねぇ‥‥本当に大丈夫なの‥‥？」,19
D-7,美寿花,「だ、だよね‥‥どう考えても様子変だもん‥‥」,21
D-7,美寿花,「‥‥‥‥」,4
D-7,美寿花,「ごめんね‥‥気づけなくて‥‥」,14
D-7,美寿花,「本当だよ‥‥そんなに私頼りない？」,16
D-7,美寿花,「いいんだよ、頼ってくれても」,13
D-7,美寿花,「辛いことがあっても、一緒に背負ってあげる。私は君の声‥‥君の一部なんだから」,37
D-7,美寿花,「って、‥‥‥‥勢いで抱きついちゃったけど、ごめん。恥ずかしいよね！」,33
D-7,美寿花,「雪翔君！　後ろ！　危ない！」,11
D-7,美寿花,「あ、危なかった‥‥ごめん。咄嗟の事で‥‥」,20
D-7,美寿花,「‥‥雪翔君？」,6
E-1,美寿花,「後ろ！　危ない！！」,8
E-1,美寿花,「大‥‥丈夫‥‥？　怪我‥‥して、ない‥‥？」,20
E-1,美寿花,「ごめん、ね‥‥」,7
E-1,美寿花,「‥‥約‥‥束‥‥守れなく‥‥なっちゃった‥‥」,22
E-1,美寿花,「ご‥‥めん‥‥ね‥‥」,10
E-1,美寿花,「雪翔‥‥君‥‥」,7
E-1,美寿花,「え、雪翔君‥‥？」,8
E-1,美寿花,「も、もう大丈夫なの！？　どこか痛いところない！？」,23
E-1,美寿花,「よ、良かった‥‥このまま眠ったままなんじゃないかって心配で心配で‥‥」,34
E-1,美寿花,「ほら見て！　雪翔君！　ペンギン！　ペンギンが泳いでる！！」,25
E-1,美寿花,「イルカの上に乗ってる‥‥！　落ちたりしないのかな！？」,25
E-1,美寿花,「ねぇねぇ！　見た！？　ちゃんと全員届いてたよね！！」,23
E-1,美寿花,「あ、そうだ。君が寝てる間に教授が来てて‥‥」,21
E-1,美寿花,「やっぱり大学で忙しいみたいで、今はいないけど‥‥これ」,26
E-1,美寿花,「雪翔君が起きたら渡しといてって言われたけど‥‥」,23
E-1,美寿花,「なら一応、ここに置いとくね？　まだ万全じゃないだろうし、食べるのは元気になってから、だね」,43
E-1,美寿花,「‥‥ん～？」,5
E-1,美寿花,「‥‥あ‥‥」,5
E-1,美寿花,「えっ、と‥‥」,6
E-1,美寿花,「ご、ごめんね！　勝手に触ろうとして‥‥」,18
E-1,美寿花,「じゃ、じゃあ‥‥また、元気になったら学校、一緒に行こうね！」,29
E-2,美寿花,「例えば‥‥そう！　水族館とか！！」,15
E-2,,「あれ、知らない？ほら、ここら辺に最近できたの」,22
E-2,,「え～いいと思うけどなぁ‥‥あそこなら二人でお魚見ながらゆっくり話せるよ？」,36
E-2,,「ふっふっふ‥‥お金については心配いらないよ！」,22
E-2,,「じゃ～ん！」,5
E-2,,「チケットだよチケット！水族館の！お父さんの知り合いからもらったの」,32
E-2,,「うん、雪翔君にあげる」,10
E-2,,「行っておいで。お母さんと一緒に」,15
E-2,美寿花,「ほらほら、そんな暗い顔してたら、お母さんと仲直りできるものも出来ないよ！　リラックスリラックス！」,47
E-2,美寿花,「あ、ほら見て見て！　ペンギン！　可愛いよねぇ‥‥」,22
E-2,美寿花,「じゃ、約束ね！　またペンギンを一緒に見るって」,21
E-2,ラズ,「ご主人様。お取り込み中、申し訳ありません」,20
E-2,ラズ,「‥‥ご主人様？」,7
E-2,ロズ,「マスター？」,5
E-2,ロズ,「マスターって！」,7
E-2,ロズ,「なんだやないよ。はよ行かな遅刻するで？」,19
E-2,ラズ,「‥‥一つ、よろしいでしょうか？」,15
E-2,ラズ,「無礼を承知で申し上げるのですが‥‥先日倒れられてから、少々ご主人様の様子がおかしく感じます」,45
E-2,ラズ,「あれほど親しかった美寿花をあからさまに避けたり、お一人の時もずっと悩んでいたりなど‥‥」,43
E-2,ロズ,「ほんまに急やったやんな」,11
E-2,ラズ,「美寿花と、何があったんですか‥‥？」,17
E-2,ロズ,「分かったわ。あいつと喧嘩したんやろ？」,18
E-2,ラズ,「話がややこしくなるので貴方は黙っててください」,22
E-2,ロズ,「なんで！？　別にええやんちょっとくらい！　大体こういうんは喧嘩やって相場がきまっとるやろ！！」,44
E-2,ラズ,「喧嘩なのか分からないからご主人様に聞いているんでしょう！？　そもそも喧嘩ならどこがきっかけって言うんですか！」,53
E-2,ロズ,「分からんけど！　言い合うだけが喧嘩やないやん！　冷戦的な‥‥」,28
E-2,ロズ,「‥‥ん？　‥‥マスター？」,11
E-2,ラズ,「‥‥かしこまりました」,10
E-2,ラズ,「 もういいでしょう。ロズ」,11
E-2,ロズ,「え、もう？　結局何にも‥‥」,12
E-2,ラズ,「ご主人様に来いと言われればすぐに向かい、戻れと言われればすぐに去るのが『私たち』の役目ですから」,47
E-2,ロズ,「‥‥せや、けど‥‥」,9
E-2,ラズ,「お一人の時もずっと何か悩んでいたりなど‥‥」,21
E-3,文永,「すいません。こんなところまでわざわざ呼んでしまって」,25
E-3,文永,「そう、でしたか‥‥」,9
E-3,文永,「‥‥‥‥記憶」,6
E-3,文永,「‥‥戻ったん、ですよね？」,12
E-3,文永,「すいません。話はお姉ちゃんから聞いていました」,22
E-3,文永,「5年前の、全てではないとは思いますが‥‥あの事故の記憶を」,28
E-3,文永,「‥‥否定しないということは、肯定と捉えていいんですよね？」,28
E-3,文永,「‥‥よかった。これで全然違っていたらどうしようかと」,25
E-3,文永,「あ～‥‥すいません、話が脱線しましたね。私も門限があるので早めに終わらせましょう」,40
E-3,文永,「‥‥覚えていますか？　ここの公園」,15
E-3,文永,「あなたと、『みずねぇ』が初めて会った場所です」,22
E-3,文永,「そう、ですよね？」,8
E-3,美寿花,「ねぇねぇ」,4
E-3,美寿花,「少年君、随分難しそうな本読んでるね」,17
E-3,美寿花,「でも‥‥う～ん‥‥仲直りの方法かぁ‥‥あ、じゃあ‥‥」,26
E-3,美寿花,「お母さんの行きたいところに連れていくとかどう？」,23
E-3,美寿花,「例えば‥‥そう！　水族館とか！」,14
E-3,文永,「‥‥一人だったあなたを、放っておけなかったんでしょうね。あの人は、世話好きだったから」,42
E-3,文永,「‥‥仲良くなったあなたとみずねぇは、あなたの母親を加えた3人で‥‥水族館へ行った」,40
E-3,文永,「そして‥‥」,5
E-3,文永,「‥‥あの、最悪の事故が起こった」,15
E-3,文永,「‥‥その事故で‥‥『みずねぇ』はこの世を去りました」,25
E-3,文永,「‥‥これが、父が調べて分かった‥‥5年前の『事故』の全容です」,30
E-3,文永,「‥‥そう。ここで終わっていれば‥‥ただの『事故』だったんです‥‥！」,33
E-3,文永,「みずねぇを失ってから、父はおかしくなってしまった‥‥」,26
E-3,文永,「娘の死を受け入れられないどころか、代わりの存在を自らの手で生み出してしまった‥‥」,40
E-3,文永,「薄谷家にお邪魔しているのも‥‥あの父の手から逃れるため」,27
E-3,文永,「理想の『常葉美寿花』にならず、記憶を何度も何度も『消されて』いるお姉ちゃんを見かねて、お母さんが‥‥」,50
E-3,文永,「でも‥‥もう、時間の問題かもしれない」,18
E-3,文永,「お姉ちゃんを取り戻そうと‥‥父親が今、必死になって探しています」,31
E-3,文永,「万が一にも、お姉ちゃんがアンドロイドだという事を知られてはいけないから‥‥」,37
E-3,文永,「私が雪翔さんに話したと知られれば、もうお姉ちゃんを貴方に会わせる事はないでしょうね‥‥」,43
E-3,文永,「記憶を消して、また『作り直す』‥‥そういう人なんです。あの父親は」,32
E-3,文永,「‥‥本当は」,5
E-3,文永,「‥‥本当は、私があの人を止めるべきなんです。誰よりもみずねぇと一緒にいた、私が‥‥」,41
E-3,文永,「‥‥‥‥でも、ダメでした」,12
E-3,文永,「私にはどうしても‥‥あの人を『みずねぇ』だと思うことが出来なかった‥‥！」,36
E-3,文永,「‥‥だけど、あなたは違う」,12
E-3,文永,「あなたには、今のお姉ちゃんと過ごした日常がある。ちゃんと、人間として過ごした日常が‥‥」,43
E-3,文永,「‥‥本当に、ごめんなさい。最低ですよね‥‥あなたや薄谷教授の優しさに付け込んだようなものですから」,48
E-3,文永,「きっと私もあの父親と同じ。‥‥狂ってしまっているんです」,27
E-3,文永,「そんな私が頼むのも、おかしな話ですが‥‥」,20
E-3,文永,「父親から、お姉ちゃんを助けて‥‥解放、してあげてください‥‥お願いします‥‥！」,39
E-4,美寿花,「随分、暗い顔してるね」,10
E-4,美寿花,「君が動くまで待ってるつもりだったけど、雪翔君の顔見てたら‥‥その、我慢できなくて‥‥あはは‥‥」,47
E-4,美寿花,「えっと‥‥」,5
E-4,美寿花,「あぁ‥‥これ？」,7
E-4,美寿花,「夕ご飯の材料、足りなくてさ。ちょうど買いに行ってたんだ」,27
E-4,美寿花,「最近寒くなってきたし、何か温かいもの作りたいな～って」,26
E-4,美寿花,「そしたら、‥‥君を見つけた」,13
E-4,美寿花,「『私について』文永と話してる‥‥君を」,18
E-4,美寿花,「そっか‥‥私、人間じゃないんだって気づいた時‥‥ちょっと、納得しちゃったんだ」,38
E-4,美寿花,「幼い頃の記憶が、あやふやだったり‥‥お父さんの態度が私と文永で微妙に違ってたり‥‥‥‥」,43
E-4,美寿花,「‥‥不思議な力が使えたり‥‥ね」,15
E-4,美寿花,「ごめんね。本当に」,8
E-4,美寿花,「っと‥‥」,4
E-4,美寿花,「ずっと待ってたから足が疲れちゃって‥‥」,19
E-4,美寿花,「‥‥今まで、私は事故のことを知らずに生きていた。君はその事故で‥‥『私』のせいで大きな枷を背負ってしまったのに」,55
E-4,美寿花,「そんなの、あまりにも不公平すぎる。‥‥ごめんね」,23
E-4,美寿花,「死んだはずの『常葉美寿花』として、私は生まれた‥‥でもだからといって、その事実が君の背負っている枷を消せるわけがない」,58
E-4,美寿花,「君は、優しくて‥‥きっと、自分を責め続けるから」,23
E-4,美寿花,「‥‥私は、『常葉美寿花』として‥‥これからも生きていかなきゃいけない」,34
E-4,美寿花,「これまでも、そうしてきた‥‥はずだから。突然のことで、まだちゃんと受け入れられてるわけじゃないけど‥‥それでも、私のやることは、たぶん変わらない」,72
E-4,美寿花,「その枷は‥‥二人で、背負わないといけないものだから、ね？」,28
E-4a,美寿花,「待って！　雪翔君！！」,9
E-4a,美寿花,「‥‥‥‥‥‥‥‥ぇ？」,10
F-1,？？？,「なるほどね‥‥」,7
F-1,？？？,「それで、君とお母さんが喧嘩してしまった‥‥と」,22
F-1,美寿花,「で、少年君はどうしたいの？　仲直り、したい？」,21
F-1,美寿花,「そっか。じゃあどうやって仲直りするか、考えなきゃね」,25
F-1,美寿花,「でも‥‥う～ん‥‥仲直りの方法かぁ‥‥あ、じゃあ‥‥」,26
F-1,美寿花,「お母さんの行きたいところに連れていくとかどう？」,23
F-1,美寿花,「例えば‥‥そう！　水族館とか！！」,15
F-1,黄樹,「‥‥ん？　ああ、これもう始まってるのか。えーと‥‥よう、元気か？」,31
F-1,黄樹,「‥‥って、まぁ元気ではないか‥‥」,16
F-1,黄樹,「最近、本当にすまないな。自分の仕事ばかり優先してしまって、肝心な時に中々帰れなくて」,41
F-1,黄樹,「お前の様子がおかしいことは、美寿花から聞いた。‥‥あの事故の事を、思い出したんだろうな」,43
F-1,黄樹,「‥‥今から僕が伝えるのは、『懺悔』と『我儘』だ」,23
F-1,黄樹,「あの子と初めて会ったのは、今から四年前‥‥僕がEL社からアンドロイドの素体開発のオファーを受けた時だった」,52
F-1,黄樹,「とは言っても、まだ『常葉美寿花』と名づけられてはいなかったんだが」,32
F-1,黄樹,「‥‥最初は喜んで協力した。技術の発展に貢献できるのは光栄だったからね」,34
F-1,黄樹,「だが、その会社の社長‥‥常葉永寿郎の目的は別の所にあった」,28
F-1,黄樹,「亡くなった自分の娘を、アンドロイドとして蘇らせる‥‥僕はそれを、人間の命への冒涜‥‥禁忌に近いものだと、そう感じた」,57
F-1,黄樹,「それに気づいてから僕は1年でEL社を辞めた‥‥が、開発はそのまま続けられた」,37
F-1,黄樹,「それからは、雪翔の知っての通り希み野大学で教授をすることになった」,32
F-1,黄樹,「当時はもう自分はあの話との関係を断った、と思っていたんだが‥‥」,31
F-1,黄樹,「運がいいのか悪いのか、その3年後、常葉美寿花が希み野大学に入学してきたんだ」,37
F-1,黄樹,「名前と姿を見て、ひと目で分かったと同時に‥‥責任も感じていた。この子が完成してしまった以上、一時期だけとはいえそれに協力していた僕にも罪がある」,71
F-1,黄樹,「‥‥美寿花の母親の預かって欲しいという頼みを受け入れたのも、半分はそれが理由だ」,39
F-1,黄樹,「‥‥何故か、その事故の被害者が一人だけ隠蔽されていた。‥‥嫌な予感がして調査を進めてみたんだ」,46
F-1,黄樹,「‥‥当たっていたよ。最悪な形で」,15
F-1,黄樹,「‥‥そうして、僕は美寿花を迎え入れた」,18
F-1,黄樹,「‥‥お前と会わせて‥‥さらに事態を悪化させてしまった」,26
F-1,黄樹,「自分の息子のためだと、独りよがりな行動をしてしまったばかりに‥‥美寿花ちゃんに、知らなくてもよかった事実を突きつけ、お前には思い出したくないことを思い出させてしまった」,83
F-1,黄樹,「‥‥僕が今回の事態の元凶だと言ってもいい。‥‥それなのに、研究の、仕事の忙しさに、僕は逃げた」,46
F-1,黄樹,「責任を取るべきだった。せめて傍でお前達に寄り添うことはすべきだったのに‥‥恨んでもいい。僕は親失格だ」,50
F-1,黄樹,「‥‥これが、僕の懺悔だ」,11
F-1,黄樹,「‥‥ここから先は僕の我儘、言っておくが『願い』じゃない。これを聞いたからといって、その通りにする必要はない」,53
F-1,黄樹,「‥‥もし、この時点でお前が聞くに耐えないと判断したら、止めてくれ。‥‥十秒、空ける」,41
F-1,黄樹,「‥‥お前は今、美寿花という存在に納得できていないんだろう」,28
F-1,黄樹,「別に、責めているわけじゃない」,14
F-1,黄樹,「お前にとっては、昔の美寿花となんら変わらない姿をした奴が目の前にいるのだから、混乱もする。素直に受け入れろ、という方が無理な話だ」,64
F-1,黄樹,「‥‥でも、それでいい」,10
F-1,黄樹,「‥‥あの子は、喜んでいた。自分の力が、人の役に立つんだと。お前の力になれるんだと‥‥無邪気な笑顔を浮かべてね」,54
F-1,黄樹,「その笑顔が、誰かの作り物ではないことを‥‥お前が、一番理解しているはずだ」,36
F-1,黄樹,「美寿花と過ごしたあの日々を無意味なものにしたくないと、お前が、一番思っているはずだ」,41
F-1,黄樹,「‥‥だから‥‥もう一度だけ美寿花ちゃんと向き合って、話をしてほしい」,33
F-1,黄樹,「常葉永寿郎が、美寿花ちゃんを連れ戻しに来る前に‥‥お前が納得できるまで」,35
F-1,黄樹,「‥‥これが、僕の我儘だ」,11
F-1,黄樹,「‥‥ここまで、聞いてくれて、感謝する。‥‥最後に‥‥申し訳なかった」,33
F-1,美寿花,「‥‥ん‥‥」,5
F-1,美寿花,「‥‥え‥‥雪翔君‥‥？」,11
F-2,美寿花,「で、出ようか‥‥？」,9
F-2,ラズ,「‥‥よろしいのですか？」,11
F-2,ラズ,「承知いたしました。では‥‥」,13
F-2,黄樹,「いや、僕が出るよ」,8
F-2,黄樹,「偶然休みがとれてね。どうせなら、お前たちとちゃんと話をしようと思っていたんだが‥‥」,41
F-2,黄樹,「‥‥まぁ、それはいい。とりあえず二人はここにいてくれ」,26
F-2,美寿花,「‥‥すいません。ご迷惑をおかけしてしまって」,21
F-2,黄樹,「‥‥いいんだよ。元々僕がまいた種だ。この状況も‥‥」,25
F-2,黄樹,「もしかしたら、この来客も‥‥だな」,16
F-2,美寿花,「‥‥‥‥」,4
F-2,美寿花,「‥‥‥‥‥‥‥‥」,8
F-2,？？？,「すまないね‥‥‥‥いきなり‥‥しまって」,19
F-2,黄樹,「いえいえ、それより今日はどうしたんです？」,20
F-2,永寿郎,「いや何、私の娘が君や君の家族に随分迷惑をかけてしまったからね」,30
F-2,黄樹,「あ～‥‥いえ、そんなことは‥‥」,15
F-2,永寿郎,「今日は謝罪と、娘を連れて帰るつもりで来たんだ」,22
F-2,美寿花,「‥‥雪翔君‥‥？」,8
F-2,永寿郎,「‥‥すまないが、上がってもいいかね？　あの子と話がしたいんだ」,29
F-2,黄樹,「‥‥分かりました」,8
F-2,美寿花,「‥‥お父‥‥さん‥‥？」,11
F-2,永寿郎,「久しぶりだね。美寿花」,10
F-2,永寿郎,「隣にいるのは‥‥薄谷雪翔君、かな」,16
F-2,永寿郎,「本当にすまなかった。うちの美寿花が迷惑かけて」,22
F-2,永寿郎,「君には君の事情があるというのに、部外者が安易に立ち入ってしまった。この子は私が責任を持って家に連れて帰るよ」,53
F-2,永寿郎,「君の事は薄谷教授から聞いている。なんでも声を失ってしまったとか。今まで大変だっただろう？」,44
F-2,永寿郎,「ああすまない。配慮の足りない発言だったね」,20
F-2,永寿郎,「‥‥それにしても、まさか美寿花と『同い年』とは‥‥ね。これからも仲良くしてくれたら嬉しいよ」,45
F-2,永寿郎,「さて、長居するのもなんだし、そろそろ私たちは‥‥」,24
F-2,美寿花,「‥‥ごめんね、雪翔君」,10
F-2,美寿花,「‥‥帰るよ。お父さんと」,11
F-2,美寿花,「‥‥雪翔君」,5
F-2,美寿花,「‥‥こんな形で、お別れになると思ってなかったけど‥‥私は、君に出会えて‥‥本当に良かったと思ってる」,49
F-2,美寿花,「私と出会ってくれて、ありがとう」,15
F-2,美寿花,「私と話をしてくれて、ありがとう」,15
F-2,美寿花,「‥‥『また』私と仲良くなってくれて‥‥本当に、ありがとう」,28
F-2,美寿花,「‥‥少年君は、泣き虫だね」,12
F-2,美寿花,「‥‥ねぇ、私が来た日の事‥‥覚えてる？」,19
F-2,美寿花,「‥‥君はあの日、自分で作った歌を自分で歌ってみたいって‥‥夢を、私に教えてくれた」,40
F-2,美寿花,「ちょっとだけ、欲を言っちゃうんだけど‥‥」,20
F-2,美寿花,「‥‥一番最初に、君の隣でそれを‥‥聴きたかった‥‥な‥‥」,28
F-2,美寿花,「‥‥あれ‥‥おかしいな‥‥」,13
F-2,美寿花,「‥‥こんな別れになっちゃって‥‥ごめんね」,20
F-2,美寿花,「‥‥さよなら」,6
F-3,永寿郎,「‥‥もういいな？　美寿花」,11
F-3,美寿花,「‥‥はい」,4
F-3,永寿郎,「それでは、改めて‥‥」,10
F-3,永寿郎,「私の娘が、お世話になりました」,14
F-3,永寿郎,「‥‥ん？」,4
F-3,永寿郎,「な、なんだ‥‥？」,8
F-3,ラズ,「先ほどの美寿花の態度をご覧になって、何もお感じになられなかったので？」,34
F-3,ロズ,「あんな別れ方で、はいそうですかって行かせるわけないやろ。少なくともウチらはまったく納得してないで」,48
F-3,美寿花,「え？　ロズ、ラズ‥‥」,9
F-3,ラズ,「お帰りの所、申し訳ありませんが‥‥今、全てのドアに鍵をかけております」,34
F-3,ロズ,「せっかくの新機能やし、使える時に使わんとな」,21
F-3,永寿郎,「まさか、Voicer AI‥‥！！」,16
F-3,ロズ,「舞台は整えたで。マスター」,12
F-3,ラズ,「差し出がましい真似なのは存じております、雪翔様。ですが‥‥」,29
F-3,ラズ,「ここが、正念場かと」,9
F-3,黄樹,「まさか、こんな使い方をするとはな‥‥ま、それほどあいつらも思う所があった、ということなんだろうが」,48
F-3,黄樹,「‥‥まだ、迷ってるのか？」,12
F-3,黄樹,「さっきも言ったが‥‥これは僕がまいた種だ」,20
F-3,黄樹,「その種から生まれた芽が、思い通りのものではなくとも‥‥僕はそれを受け入れなくてはいけない‥‥その覚悟も、できている。‥‥だが」,62
F-3,黄樹,「‥‥それは、『雪翔』が納得できる結果という前提だ」,24
F-3,黄樹,「‥‥納得できない‥‥その気持ちはよく分かる。お前の顔みたらな」,30
F-3,黄樹,「‥‥じゃ、どうするか‥‥自分で決めるといい」,21
F-3,美寿花,「‥‥ぇ‥‥？」,6
F-3,美寿花,「雪翔君‥‥今‥‥っ！」,10
F-3,美寿花,「‥‥‥‥」,4
F-3,永寿郎,「ハッ‥‥何を言い出すかと思えば」,15
F-3,永寿郎,「どこをどう見れば、この子が美寿花じゃないと言うんだね‥‥？」,29
F-3,美寿花,「‥‥ごめん。雪翔君‥‥私は‥‥」,15
F-3,美寿花,「雪、翔君‥‥」,6
F-3,永寿郎,「知ったような口を‥‥！　いいか美寿花、周りがどう言おうとお前は私の娘だ。代わりだなんて思うはずがないだろう？」,53
F-3,美寿花,「‥‥‥‥」,4
F-3,永寿郎,「考えてみろ。一緒に家に戻れば、また元のように家族全員で暮らせる。お前が帰るべき場所はここじゃないはずだ」,51
F-3,美寿花,「お父さん‥‥私‥‥」,9
F-3,永寿郎,「美寿花！」,4
F-3,美寿花,「‥‥やっぱり‥‥私‥‥‥‥帰りたくない‥‥！！」,23
F-3,永寿郎,「なっ‥‥」,4
F-3,永寿郎,「な、何を言って‥‥」,9
F-3,美寿花,「‥‥ごめんなさい。お父さん」,13
F-3,美寿花,「‥‥違和感は、感じてた。この力のことだったり‥‥直近以外の記憶が、何故か曖昧だったり‥‥ね」,45
F-3,永寿郎,「‥‥‥‥‥」,5
F-3,美寿花,「‥‥でも、言えなかった。それが人間離れしているっていうことは分かっていたから」,38
F-3,美寿花,「‥‥だから、最初に私がアンドロイドだって分かった時‥‥ショックより、ただひたすら、哀しくなったの」,48
F-3,美寿花,「『ああ、今まで皆は私じゃなくて、死んだ常葉美寿花と話してたんだ』‥‥って」,36
F-3,永寿郎,「そ、そんな事はない！　私たちはいつも‥‥」,19
F-3,美寿花,「じゃあ‥‥どうして私を‥‥『常葉美寿花』として作ったの？」,28
F-3,永寿郎,「そ、れは‥‥」,6
F-3,美寿花,「‥‥別にね、記憶を消されても良かったんだ。それでも、『私』はお父さんの糧になれたから‥‥」,44
F-3,美寿花,「‥‥さっきまでは、ね」,10
F-3,美寿花,「‥‥でも、雪翔君は違った‥‥私を‥‥必要としてくれた‥‥！」,29
F-3,美寿花,「‥‥だから‥‥私は、雪翔君の隣にいたい。‥‥二度と会えなくなるなんて、嫌だよ‥‥」,40
F-3,永寿郎,「‥‥お前は、本当にそれでいいのか？」,17
F-3,永寿郎,「それが、お前の意志なのか？　美寿花」,16
F-3,永寿郎,「君には聞いていない！！」,11
F-3,永寿郎,「今まで‥‥！！　今まで、お前にどれほどの時間と、労力をかけてきたのか分かっているのか！？」,43
F-3,永寿郎,「美寿花がいなくなってから、私はまるで時が止まったような錯覚を覚えた。心に空いた穴が、私たち家族をバラバラにしていくんじゃないかと、不安で不安でたまらなかったんだ‥‥！！」,84
F-3,永寿郎,「だから！　私はこの5年間、全てを投げうってお前を蘇らせるために力を注いだんだ──」,39
F-3,永寿郎,「全てはお前のため‥‥家族のためにやったことなんだぞ‥‥！！　それを今更、こんな形で裏切るつもりか！？」,49
F-3,美寿花,「‥‥‥‥‥」,5
F-3,美寿花,「‥‥ごめんなさい。お父さん」,13
F-3,美寿花,「私は、確かに常葉美寿花だけど‥‥」,16
F-3,美寿花,「‥‥お父さんの、その心の穴を埋めることは‥‥やっぱり出来ないと思う」,33
F-3,永寿郎,「なっ‥‥そ、そんなはずはない！　なら私は今まで何のために──」,29
F-3,黄樹,「娘を、蘇らせる‥‥あなたはさっき、そう言ってましたね」,26
F-3,永寿郎,「えっ‥‥」,4
F-3,黄樹,「‥‥雪翔は、あの事故で大事な母と友達を亡くし、声を失って塞ぎこんでしまった」,37
F-3,黄樹,「そして私は‥‥そんな現実と向き合うことを恐れ、雪翔と接することすらも半ば逃げていた‥‥」,43
F-3,黄樹,「突然家族を失い、絶望に打ちひしがれる‥‥その気持ちは、私も雪翔も分かっているつもりです」,43
F-3,永寿郎,「それなら、私の行動も分かってくれるだろう‥‥！！　君たちだって、もう一度会いたい人がいるはず‥‥」,47
F-3,黄樹,「ですが」,3
F-3,黄樹,「誰かを失って、空いた心の穴を‥‥既に亡くなった誰かを再現して埋めようとする行動には‥‥賛同できません」,50
F-3,黄樹,「死というものは、絶対に動かせない‥‥あらゆる生命に、必ず、平等に訪れるものです」,39
F-3,黄樹,「それを、簡単に否定されてはならない‥‥されるべきではないと、私は思います」,36
F-3,黄樹,「‥‥それに」,5
F-3,黄樹,「それをしてしまえば‥‥その失った誰かをこの上なく傷つけることになりますから」,37
F-3,永寿郎,「‥‥‥‥‥‥‥‥‥‥‥‥‥」,13
F-3,黄樹,「‥‥心に負った傷は、そう簡単に治りません」,20
F-3,黄樹,「でも、だからこそ、私たちは周りの人に支えてもらいながら、傷を背負って生きていくものだと、私は思います。」,51
F-3,永寿郎,「だが‥‥私は時間をかけすぎた。もう、私には何も‥‥」,25
F-3,永寿郎,「え‥‥」,3
F-3,永寿郎,「‥‥‥‥‥‥‥‥‥‥はぁ」,12
F-3,永寿郎,「‥‥いつから、だろうな‥‥」,13
F-3,永寿郎,「‥‥いや‥‥分かってるんだ。全てはあの事故で‥‥私の娘が、死んだと聞いたあの時から‥‥私は、狂ってしまった」,53
F-3,永寿郎,「‥‥『娘を取り戻したい』という思いが‥‥そんな、意味もない願いが‥‥お前を、作り出してしまったんだ‥‥」,51
F-3,美寿花,「‥‥私は、感謝してるよ」,11
F-3,永寿郎,「感謝‥‥だって？」,8
F-3,美寿花,「‥‥そのおかげで、本来生まれなかったはずの私が生まれた」,27
F-3,美寿花,「そのおかげで‥‥雪翔君にも会えた。‥‥死んだ美寿花を曲がりなりにも大切に想っていた心が‥‥私を産んだんだよ」,53
F-3,美寿花,「だから‥‥意味がないなんて、言わないでよ」,20
F-3,永寿郎,「‥‥そうか‥‥」,7
F-3,永寿郎,「‥‥‥‥‥‥」,6
F-3,永寿郎,「‥‥もう、年貢の納め時なのかもしれないな」,20
F-3,美寿花,「‥‥お父さん？」,7
F-4,永寿郎,「美寿花、今まですまなかった」,13
F-4,永寿郎,「もう、無理に帰ってこいとは言わないが‥‥母さんも心配している。時々でいいから家に‥‥」,42
F-4,美寿花,「え？　私はこのまま帰るつもりだけど‥‥？」,19
F-4,永寿郎,「‥‥うん？　そ、そうなのか？」,13
F-4,美寿花,「だって、もう家出する理由なくなったし‥‥私も、家族みんなでまた一緒に過ごしたいとは思ってるんだよ？」,49
F-4,黄樹,「どうした雪翔。随分と不満そう顔だな」,17
F-4,美寿花,「不満って、ちょっと家に帰るだけだよ？　しばらくゆっくりしたら、またご飯作りに来るから」,41
F-4,美寿花,「雪翔君！？　大丈夫！？」,10
F-4,永寿郎,「‥‥雪翔君」,5
F-4,永寿郎,「君にも、本当に申し訳ないことをしてしまった」,21
F-4,永寿郎,「君のことを誤解していた。娘を唆した酷い男だと‥‥失礼な態度をとってしまった。許してくれ」,43
F-4,永寿郎,「‥‥私も、ようやく‥‥目が覚めた。君のおかげだ」,23
F-4,永寿郎,「‥‥美寿花が‥‥」,8
F-4,永寿郎,「‥‥それなら、せめて‥‥」,12
F-4,永寿郎,「ありがとう。美寿花を‥‥私の娘を支えてくれて」,22
F-4,永寿郎,「これからもどうか‥‥美寿花のこと‥‥よろしく、お願いします」,29
F-4,美寿花,「‥‥だ、大丈夫‥‥？　というか、そう！　声！　出せるようになったの！？」,32
F-4,美寿花,「‥‥あ～‥‥それと‥‥さ？　さっき雪翔君が言ってたのって‥‥ってうわ！？」,35
F-4,美寿花,「いや‥‥ううん何でもない！　というか、本当に大丈夫！？」,26
F-4,美寿花,「熱は‥‥なさそうだけど‥‥」,13
F-4,美寿花,「‥‥ありがとうね。私を、必要としてくれて」,20
F-5,ロズ,「‥‥ドアの前で何しとるん？　マスター？」,18
F-5,ロズ,「そんなん今に始まったことやないやろ‥‥」,19
F-5,ラズ,「‥‥私たちとしては、ご主人様が自らの声でお話しになってる事こそ慣れませんが‥‥」,39
F-5,ラズ,「ですね。なにせ昨日はお疲れの様でしたから‥‥」,22
F-5,ロズ,「せやなぁ‥‥」,6
F-5,ロズ,「って、そうやなくて、どうしたん？　下行くんやと思うてたけど」,28
F-5,ロズ,「‥‥いや、マスター‥‥それは‥‥」,16
F-5,ラズ,「こら、辞めておきましょうロズ。ここで変に口を挟むのは野暮というものですわ」,36
F-5,ラズ,「大丈夫です。今は分からなくて良いんですのよ」,21
F-5,ラズ,「‥‥ですが、どうしても聞きたいのであれば‥‥その答えは本人から、ということで」,38
F-5,美寿花,「ごめん、今大丈夫？」,9
F-5,美寿花,「そっか、よかった～。ちょっと話したい事があって‥‥」,25
F-5,美寿花,「あ、これ‥‥この前作ってた曲の続き？」,18
F-5,美寿花,「ほんと！？　じゃあ一緒に歌えるね！」,16
F-5,美寿花,「あれ？　歌詞ついてなかったっけ？」,15
F-5,美寿花,「ふ～ん‥‥あれはあれでいいと思ったんだけどなぁ‥‥」,25
F-5,美寿花,「え～‥‥あ、でもあれは残しといてよ、あの～‥‥」,23
F-5,美寿花,「ふふ‥‥あははっ！」,9
F-5,美寿花,「あ～笑った笑った」,8
F-5,美寿花,「‥‥なんか、変な感じだね。私が触れなくても、雪翔君の声が聞こえる」,32
F-5,美寿花,「‥‥そっか‥‥じゃあもう君の『声』としての役割はおしまいだね」,30
F-5,美寿花,「『俺は』‥‥何？」,8
F-5,美寿花,「‥‥雪翔君、お父さんに連れて行かれそうになった私に何て言ったか‥‥覚えてる？」,38
F-5,美寿花,「‥‥私の事‥‥その‥‥『大好き』って‥‥」,20
F-5,美寿花,「‥‥覚えてなかったんだ‥‥」,13
F-5,美寿花,「というか雪翔君、あれだね。喋れなかった期間が長すぎて、自分の思ってることが自然に口から出ちゃうんだろうね」,52
F-5,美寿花,「そっかぁ‥‥少年君、『大』が付いちゃうほど私の事好きだったのかぁ～」,33
F-5,美寿花,「だって、そうなんでしょ？　あんな流れでスッと言っちゃうくらい想ってたんでしょ？」,38
F-5,美寿花,「あれ、意外と素直に認めたね」,13
F-5,美寿花,「‥‥ふ～ん‥‥」,7
F-5,美寿花,「‥‥‥‥」,4
F-5,美寿花,「‥‥お願いがあるんだけど、さ」,14
F-5,美寿花,「‥‥もう一回、言ってほしいな‥‥君の声で」,20
F-5,美寿花,「‥‥ただの『好き』？」,10
F-5,美寿花,「‥‥‥‥」,4
F-5,美寿花,「‥‥‥‥‥‥‥‥‥‥」,10
F-5,美寿花,「‥‥‥‥‥‥‥‥‥‥‥‥‥‥‥‥‥‥‥‥‥‥‥‥」,24
F-5,美寿花,「私も、大好きだよ‥‥！　雪翔！！」,15
F-5,ラズ,「相変わらずといいますか、やはりご主人様は基礎体力を付けた方が‥‥」,32
F-5,ロズ,「ほらはよマスター、あとちょっとやで！　ファイトやでファイト！！」,30
F-5,美寿花,「‥‥なんか、ごめんね？　私がこんなこと言い出したばっかりに‥‥」,30
F-5,美寿花,「‥‥‥‥」,4
F-5,美寿花,「え、本当！？」,6
F-5,美寿花,「‥‥や‥‥や‥‥」,8
F-5,美寿花,「やったね！　雪翔君！！」,10
F-5,ラズ,「ついに、ですか‥‥本当にお疲れ様です」,18
F-5,ロズ,「にしても長かったな〜。今までで一番時間かけたんちゃうん？」,28
F-5,美寿花,「ちょっと聞いてみていい！？」,13
F-5,美寿花,「あ、じゃあさ、記念にどこか遊びに行こうよ！」,21
F-5,美寿花,「誘うにしても、もう少し近い場所にすればよかったね」,24
F-5,美寿花,「さっきロズが言ってたけど、本当にもう少しだから。頑張ろう？　ね？」,31
F-5,美寿花,「そうだよ。まぁどんな場所かは見てからのお楽しみ！　‥‥なんだけど」,31
F-5,美寿花,「考えてみれば、水族館の時とか、あと大学だって。私ばっかり雪翔くん連れ回しちゃってるんだよね～‥‥」,48
F-5,美寿花,「‥‥あ、う、うん‥‥」,10
F-5,美寿花,「しょっ、しょーがないなー少年君は！　そういう事ならこれからもお姉ちゃんが色んなところに連れてってあげるからね！」,54
F-5,ラズ,「はいはいお二人とも。仲がいいのは結構ですが、目的を見失ってませんこと？」,35
F-5,ロズ,「イチャイチャせずにはよ行こうや〜。このままやと日が暮れてまうで？」,32
F-5,美寿花,「‥‥あ、見えてきた！！」,11
F-5,美寿花,「そ、彼岸花だよ、全部。10月の始めまでしか咲いてないみたいでさ、どうしても見に行きたかったんだよね～」,50
F-5,美寿花,「さ、行こう雪翔君！　もっと綺麗に見える場所があるから！」,26
F-5,美寿花,「大丈夫大丈夫！　ちゃんと握ってるから！！」,19
F-5,美寿花,「はぁ‥‥はぁ‥‥ハハハッ、ちょっとはしゃぎすぎたね」,25
F-5,美寿花,「ん～？」,3
F-5,美寿花,「う～ん‥‥ちょっと違うかな」,13
F-5,美寿花,「運命じゃない。『今度は逃げなかったから』今がある‥‥でしょ？」,30
F-5,美寿花,「いや〜私に難聴系ヒロインは無理だね。力で言いたい事全部分かっちゃうから」,35
F-5,美寿花,「‥‥『あの美寿花』との約束は果たせなかったとしても、『私』との約束は果たしてくれた」,41
F-5,美寿花,「それは、雪翔君が逃げずに立ち向かった、何よりの証拠でしょ？」,29
F-5,美寿花,「そんな君を見て‥‥私は、生まれて初めて恋をしました」,25
F-5,美寿花,「だから──」,5
F-5,美寿花,「‥‥い、いいの〜？　そんなこと約束しちゃって。もしかしたら～なんてことも‥‥」,37
F-5,美寿花,「だ、だってこういう時どう言えばいいのか分かんなくて‥‥！！」,29
F-5,美寿花,「‥‥そっか」,5
F-5,美寿花,「じゃ、じゃあ私も誓う！！」,12
F-5,美寿花,「雪翔君に何があっても、ずっと一緒だから！　絶対一緒に幸せになる‥‥から‥‥」,36
F-5,美寿花,「なんか言ってよ～！！」,10
F-5,美寿花,「ほら言ったでしょ！？」,10
F-5,文永,「ここって‥‥」,6
F-5,美寿花,「そう、花畑。いつか行ってみたいって言ってたでしょ？」,25
F-5,美寿花,「私もね、好きなんだ〜。こういう‥‥自然？　なのかな。そんなのが広がってる場所」,37
F-5,美寿花,「文永～？」,4
F-5,美寿花,「文永ってば、早すぎだよ。見失うかと思ったじゃん」,23
F-5,美寿花,「雪翔君なんて走りすぎて軽くグロッキーになってるし‥‥」,26
F-5,文永,「あ‥‥すいません。ちょっと、じっとしていられなくて」,25
F-5,美寿花,「まぁ、気持ちは分からなくもないけど‥‥」,19
F-5,美寿花,「‥‥このお墓が、そうなの？」,13
F-5,美寿花,「‥‥私たちも」,6
F-5,文永,「はい。どうせならみずねぇが好きな花を‥‥と。これでも私、結構花には詳しいんで」,38
F-5,美寿花,「そうなんだ‥‥あ、じゃあ」,12
F-5,美寿花,「これってもしかして、カキツバタ？」,16
F-5,文永,「え？　違うよ。これはアヤメ。みずねぇも私も好きだったから‥‥」,29
F-5,美寿花,「ふーん‥‥あれ、でもこれ花びらの根元白いよ？」,22
F-5,美寿花,「そうなのかな？　私の場合、ただ知ってるってだけだからね」,26
F-5,文永,「あれ、アヤメってこういう模様なんじゃ‥‥」,20
F-5,美寿花,「え、どうだったっけ‥‥もうちょっと違う模様だった気がするけど」,30
F-5,文永,「ぜ、絶対勘違いだよそれ！　私の記憶では白だった！」,23
F-5,美寿花,「ホントかなぁ‥‥文永、妙な所で意地張るからなぁ‥‥」,25
F-5,文永,「ほ、ホントだもん！　意地なんて張ってないから！」,22
F-5,美寿花,「‥‥‥‥」,4
F-5,文永,「‥‥‥‥」,4
F-5,美寿花,「‥‥フフッ」,5
F-5,文永,「アハハハハ！！」,7
F-5,美寿花,「ちょっと待って、今行く！　ほら文永、行こう！」,21
F-5,文永,「‥‥あ～‥‥ごめん。もうちょっとだけ、ここにいていい？　すぐに追いつくから」,36
F-5,美寿花,「え？　‥‥うん。分かった」,11
F-5,文永,「さて‥‥」,4
E-4b,美寿花,「ゆ、雪翔君？」,6
E-4b,美寿花,「え‥‥」,3
E-4b,美寿花,「私も‥‥ごめんね」,8
E-4b,美寿花,「長い間、ずっと置いていっちゃって‥‥ほんとうに、ごめんなさい」,30
E-4b,美寿花,「もう、絶対に離れたりしないから‥‥だから」,20
E-4b,美寿花,「ただいま。雪翔君」,8
E-4b,ロズ,「マスター、そろそろ‥‥って」,13
E-4b,ラズ,「あら。起きてましたの？」,11
E-4b,ロズ,「ならはよ下行けばええのに‥‥美寿花が心配するで？」,24
E-4b,ラズ,「午前7時4分。急げばまだ十分大学に間に合いますが‥‥」,26
E-4b,美寿花,「‥‥‥えっと」,6
E-4b,美寿花,「お、美味しい‥‥？」,9
E-4b,美寿花,「ちょっと、昨日の事思い出してて‥‥ほら、私勢いづいちゃって色々言っちゃったでしょ？　それで‥‥」,46
E-4b,美寿花,「考え事してたら、トーストが真っ黒になっちゃって‥‥焦げたところ削れば、大丈夫かなーって」,43
E-4b,美寿花,「あっ、今日学校どうする？」,12
E-4b,美寿花,「‥‥そっか」,5
E-4b,美寿花,「ご、ごめんね？　まだ体調も悪いだろうし‥‥」,20
E-4b,美寿花,「じゃ、行ってくるね」,9
E-4b,ラズ,「行ってらっしゃいませ」,10
E-4b,ロズ,「気を付けるんやで～」,9
E-4b,美寿花,「‥‥雪翔君」,5
E-4b,美寿花,「‥‥入るね？」,6
E-4b,美寿花,「‥‥また作ってたんだ。曲」,12
E-4b,美寿花,「見ても、いいかな？」,9
E-4b,美寿花,「もしかして、今日一日ずっとやってたの？」,19
E-4b,美寿花,「ああって‥‥ちゃんとご飯食べた？　作り置きしといたけど」,26
E-4b,美寿花,「ホントかな‥‥雪翔君、集中したらご飯の事なんて忘れそうだもん」,30
E-4b,美寿花,「‥‥え？」,4
E-4b,美寿花,「‥‥ねぇ、雪翔君」,8
E-4b,美寿花,「‥‥今日、高校は早帰りだったみたいでさ。文永、いつもより大分早く帰ってたの」,37
E-4b,美寿花,「そしたらさ、帰り道の途中に‥‥」,15
E-4b,美寿花,「スーパーから出てきた、君を見たらしくて」,19
E-4b,美寿花,「‥‥両手に大量に荷物抱えて、話しかけようとしたけど、あまりに深刻そうな顔で話しかけられなかった‥‥って」,51
E-4b,美寿花,「‥‥勘違いだったら、それでいい。‥‥でも、どうにも嫌な予感がして‥‥」,34
E-4b,美寿花,「‥‥え？」,4
E-4b,文永がこのことを父親に話すとは限らないが‥‥そんな,「可能性」,3
E-4b,美寿花,「な、何‥‥？」,6
E-4b,美寿花,「‥‥なっ‥‥」,6
E-4b,美寿花,「何を‥‥そんな急に‥‥」,11
E-4b,美寿花,「事情‥‥？」,5
E-4b,美寿花,「待って‥‥待ってよ！」,10
E-4b,美寿花,「それって、ここから出ていくってことだよね‥‥？　ここを出て、あの人の手の届かないどこか遠い場所に‥‥って」,51
E-4b,美寿花,「黄樹さんには何て言うの？　そんなの、許してくれるわけがないでしょ‥‥！」,34
E-4b,美寿花,「でも‥‥！」,5
E-4b,美寿花,「っ‥‥‥‥？」,6
E-4b,美寿花,「‥‥‥‥」,4
E-4b,美寿花,「‥‥おかしいよ」,7
E-4b,美寿花,「‥‥なんで‥‥そこまでして‥‥」,15
E-4b,美寿花,「えっ‥‥！？」,6
E-4b,美寿花,「‥‥‥‥‥‥‥‥何、それ‥‥」,14
E-4b,美寿花,「‥‥はぁ」,4
E-4b,美寿花,「‥‥分かった。うん‥‥そうだね」,15
E-4b,美寿花,「私も、君との記憶を消されたくないし‥‥何より、私は常葉美寿花として、生きなきゃいけない」,43
E-4b,美寿花,「一緒に、逃げようか。雪翔君」,13
E-4b,美寿花,「雪翔君‥‥？」,6
E-4b,美寿花,「うん。まだちょっと違和感があるけど‥‥」,19
E-4b,美寿花,「‥‥‥」,3
E-4b,美寿花,「あの、ごめんね？」,8
E-4b,美寿花,「その‥‥結局今日は私の我儘に付き合ってもらっちゃったっていうか」,31
E-4b,美寿花,「今更だけど、雪翔君的にはよかったのかな‥‥って」,23
E-4b,美寿花,「え、雪翔く──」,7
E-4b,美寿花,「‥‥‥」,3
E-4b,美寿花,「うん」,2
E-4b,美寿花,「私も、離れないから」,9
E-4b,美寿花,「今日はもう寝ちゃう？」,10
E-4b,美寿花,「そっか」,3
E-4b,美寿花,「‥‥‥」,3
E-4b,美寿花,「ねぇ」,2
E-4b,美寿花,「雪翔君は、私の事‥‥‥‥」,12
E-4b,美寿花,「‥‥‥」,3
E-4b,美寿花,「‥‥ごめん。なんでもない」,12
